Sand Desert At Sunset;100zl; orientalno-przyprawowe; m; 0-100zl; Zara; zima-jesien;;;;;;;;;;;;
                        Hawas for him; 180zl; aromatyczno-wodne; m; 100-200zl; Rasasi; wiosna-lato;;;;;;;;;;;;
                        Le Male Le Parfum; 280zl; bursztynowe; m; 200-300zl; Jean Paul Gaultier; zima-jesien;;;;;;;;;;;;
                        La Belle Le Parfum; 350zl; orientalno-waniliowe; k; 300-500zl; Jean Paul Gaultier; zima-jesien;;;;;;;;;;;;
                        Stronger With You Absolutely; 400zl; orientalno-fougere; m; 300-500zl; Giorgio Armani; zima-jesien;;;;;;;;;;;;
                        Paradoxe; 500zl; orientalno-kwiatowe; k; 500-1000zl; Prada; zima-jesien;;;;;;;;;;;;
                        Ombre Leather Parfum; 700zl; skorzane; m; 500-1000zl; Tom Ford; zima-jesien;;;;;;;;;;;;
                        Angels' Share; 1500zl; orientalno-waniliowe; u; 1000-2000zl; Angels' Share; zima-jesien;;;;;;;;;;;;
                        Eros Parfum; 250zl; orientalno-fougere; m; 200-300zl; Versace; zima-jesien;;;;;;;;;;;;
                        Coco Mademoiselle; 600zl; orientalno-kwiatowe; k; 500-1000zl; Chanel; zima-jesien; ;;;;;;;;;;;
                        Spicebomb Extreme; 320zl; orientalno-przyprawowe; m; 300-500zl; Viktor&Rolf; zima-jesien;;;;;;;;;;;;
                        Black Orchid; 600zl; orientalno-kwiatowe; k; 500-1000zl; Tom Ford; zima-jesien;;;;;;;;;;;; 
                        Erba Pura; 800zl; bursztynowe; u; 500-1000zl; Xeroff; wiosna-lato;;;;;;;;;;;;
                        Le Beau Le Parfum; 350zl; orientalno-drzewne; m; 300-500zl; Jean Paul Gaultier; wiosna-lato;;;;;;;;;;;;
                        Delina Exclusif; 1100zl; bursztynowe; k; 1000-2000zl; Parfums de Marly; zima-jesien;;;;;;;;;;;;
                        Dior Homme Parfum; 600zl; skorzane; m; 500-1000zl; Dior; zima-jesien;;;;;;;;;;;;
                        Libre; 400zl; orientalno-fougere; k; 300-500zl; Yves Saint Laurent; zima-jesien;;;;;;;;;;;;
                        XJ 1861 Naxos; 900zl; aromatyczno-przyprawowe; u; 500-1000zl; Xerjoff; zima-jesien;;;;;;;;;;;;
                        The Most Wanted Parfum; 300zl; drzewno-przyprawowe; m; 300-500zl; Azzaro; zima-jesien;;;;;;;;;;;;
                        Good Girl; 400zl; orientalno-kwiatowe; k; 300-500zl; Carolina Herrera; zima-jesien;;;;;;;;;;;;
                        Egoiste Platinum; 500zl; drzewno-kwiatowo; m; 500-1000zl; Chanel; wiosna-lato;;;;;;;;;;;;
                        Light Blue Eau Intense; 300zl; kwiatowo-owocowe; k; 300-500zl; Dolce&Gabbana; wiosna-lato;;;;;;;;;;;;
                        Ganymede; 800zl; drzewno-przyprawowe; u; 500-1000zl; Marc-Antoine Barrois; wiosna-lato;;;;;;;;;;;;
                        Reflection Man; 1100zl; drzewno-kwiatowo; m; 1000-2000zl; Amouage; wiosna-lato;;;;;;;;;;;;
                        For Her Musc Noir Rose; 350zl; orientalno-kwiatowe; k; 300-500zl; Narciso Rodriguez; zima-jesien;;;;;;;;;;;;
                        Guilty Elixir de Parfum pour Homme; 450zl; orientalno-drzewne; m; 300-500zl; Gucci; zima-jesien;;;;;;;;;;;;
                        Valentino Donna Born In Roma; 420zl; orientalno-kwiatowe; k; 300-500zl; Valentino; zima-jesien;;;;;;;;;;;;
                        Grand Soir; 850zl; bursztynowe; u; 500-1000zl; Maison Francis Kurkdjian; zima-jesien;;;;;;;;;;;;
                        Mercedes Benz Club Black; 150zl; bursztynowe; m; 100-200zl; Mercedes Benz Club; zima-jesien;;;;;;;;;;;;
                        Brazilian Crush Cheirosa '62; 120zl; orientalno-kwiatowe; k; 100-200zl; Sol de Janeiro; wiosna-lato;;;;;;;;;;;;
                        Imagination; 1300zl; cytrusowo-aromatyczne; m; 1000-2000zl; Louis Vuitton; wiosna-lato;;;;;;;;;;;;
                        My Way Intense; 380zl; orientalno-kwiatowe; k; 300-500zl; Giorgio Armani; wiosna-lato;;;;;;;;;;;;
                        Ombre Nomade; 1300zl; orientalno-drzewne; u; 1000-2000zl; Louis Vuitton; zima-jesien;;;;;;;;;;;;
                        Bleu de Chanel Eau de Parfum; 480zl; drzewno-aromatyczne; m; 300-500zl; Chanel; wiosna-lato;;;;;;;;;;;;
                        Black Opium; 340zl; orientalno-waniliowe; k; 300-500zl; Yves Saint Laurent; zima-jesien;;;;;;;;;;;;
                        Solo Loewe; 350zl; bursztynowe; m; 300-500zl; Loewe; wiosna-lato;;;;;;;;;;;;
                        La Vie Est Belle; 250zl; kwiatowo-owocowo -gourmand; k; 200-300zl; Lancome; zima-jesien;;;;;;;;;;;;
                        Intense Oud; 350zl; bursztynowe; u; 300-500zl; Gucci; zima-jesien;;;;;;;;;;;;
                        Armani Eau de Cèdre; 270zl; drzewno-aromatyczne; m; 200-300zl; Giorgio Armani; wiosna-lato;;;;;;;;;;;;
                        Si Intense 2021; 350zl; orientalno-kwiatowe; k; 300-500zl; Giorgio Armani; zima-jesien;;;;;;;;;;;;
                        La Nuit de L'Homme Bleu Électrique; 400zl; aromatyczno-przyprawowe; m; 300-500zl; Yves Saint Laurent; zima-jesien;;;;;;;;;;;;
                        Flora Gorgeous Magnolia; 350zl; szyprowo-kwiatowe; k; 300-500zl; Gucci; wiosna-lato;;;;;;;;;;;;
                        Herod; 800zl; drzewno-przyprawowe; u; 500-1000zl; Parfums de Marly; zima-jesien;;;;;;;;;;;;
                        La Nuit de l'Homme; 280zl; drzewno-przyprawowe; m; 200-300zl; Yves Saint Laurent; zima-jesien;;;;;;;;;;;;
                        J'Adore L'Or; 1200zl; orientalno-kwiatowe; k; 1000-2000zl; Dior; zima-jesien;;;;;;;;;;;;
                        Aventus; 1100zl; szyprowo - owocowe; m; 1000-2000zl; Creed; wiosna-lato;;;;;;;;;;;;
                        Goddess; 370zl; orientalno-drzewne; k; 300-500zl; Burberry; zima-jesien;;;;;;;;;;;;
                        Baccarat Rouge 540; 1200zl; orientalno-kwiatowe; u; 1000-2000zl; Maison Francis Kurkdjian; zima-jesien;;;;;;;;;;;;
                        1 Million Parfum; 250zl; skorzane; m; 200-300zl; Paco Rabanne; zima-jesien;;;;;;;;;;;;
                        Gaultier Divine; 300zl; orientalno-kwiatowe; k; 200-300zl; Jean Paul Gaultier; wiosna-lato;;;;;;;;;;;;
                        Chrome Eau de Parfum; 221zl; aromatyczno-przyprawowe; m; 200-300zl; Azzaro; wiosna-lato;;;;;;;;;;;;
                        Chrome; 159zl; cytrusowo-aromatyczne; m; 100-200zl; Azzaro; wiosna-lato;;;;;;;;;;;;
                        Chrome United; 144zl; drzewno-przyprawowe; m; 100-200zl; Azzaro; wiosna-lato;;;;;;;;;;;;
                        Azzaro Chrome Aqua; 173zl; aromatyczno-wodne; m; 100-200zl; Azzaro; wiosna-lato;;;;;;;;;;;;
                        Wanted Eau de Parfum; 429zl; drzewno-aromatyczne; m; 300-500zl; Azzaro; zima-jesien;;;;;;;;;;;;
                        Azzaro Pour Homme Naughty Leather; 184zl; skorzane; m; 100-200zl; Azzaro; zima-jesien;;;;;;;;;;;;
                        Portrayal Man; 744zl; drzewno-aromatyczne; m; 500-1000zl; Amouage; wiosna-lato;;;;;;;;;;;;
                        Boundless; 958zl; drzewno-przyprawowe; u; 500-1000zl; Amouage; zima-jesien;;;;;;;;;;;;
                        Journey Man; 1082zl; drzewno-przyprawowe; m; 1000-2000zl; Amouage; zima-jesien;;;;;;;;;;;;
                        Honour Man; 872zl; drzewno-przyprawowe; m; 500-1000zl; Amouage; zima-jesien;";";;;;;;;;;;;
